User_ID,Age,Gender,Platform,Daily_Usage_Hours,Posts_Per_Week,Likes_Per_Day,Comments_Per_Day,Account_Age_Years,User_Engagement_Level
1,17,Male,Instagram,4.81,5,67,15,6.5,High
2,38,Female,Twitter,1.84,8,195,116,2.3,Moderate
3,16,Male,Instagram,4.58,3,242,94,0.9,High
4,32,Male,Facebook,2.09,3,339,60,2.7,Moderate
5,36,Female,Snapchat,3.01,4,205,34,3.0,High
6,52,Male,Snapchat,4.43,3,145,63,1.5,High
7,41,Female,Instagram,1.55,4,138,9,8.9,Moderate
8,27,Male,Facebook,4.81,6,31,113,5.6,High
9,36,Male,LinkedIn,0.2,1,205,67,4.2,Low
10,21,Other,Instagram,2.87,1,242,88,9.0,Moderate
11,38,Male,Facebook,3.67,3,14,42,1.2,High
12,59,Male,LinkedIn,3.23,6,169,96,4.0,High
13,55,Male,LinkedIn,3.12,3,160,50,4.5,High
14,39,Female,Twitter,3.72,4,106,23,1.0,High
15,21,Male,LinkedIn,4.49,3,256,106,7.1,High
16,52,Male,Snapchat,3.98,5,124,3,3.6,High
17,51,Female,LinkedIn,4.38,3,478,96,4.2,High
18,17,Female,Twitter,3.1,5,412,113,2.5,High
19,20,Male,Twitter,1.53,5,141,47,3.4,Moderate
20,57,Male,Instagram,2.04,2,62,114,0.6,Moderate
21,13,Female,Facebook,5.58,5,152,82,8.1,High
22,24,Male,Instagram,2.63,3,123,103,8.9,Moderate
23,19,Female,Instagram,3.13,6,123,3,7.5,High
24,32,Female,Twitter,4.4,5,376,117,1.5,High
25,57,Female,LinkedIn,0.49,0,322,19,1.1,Low
26,18,Male,Facebook,4.76,4,93,107,0.7,High
27,37,Female,Facebook,2.34,4,32,43,6.6,Moderate
28,13,Female,LinkedIn,3.81,4,467,88,7.1,High
29,47,Male,Twitter,5.77,1,379,65,2.3,High
30,22,Female,Instagram,5.92,4,186,41,5.5,High
31,27,Male,Twitter,4.78,4,26,79,2.4,High
32,51,Male,Snapchat,5.05,4,39,71,4.7,High
33,17,Male,Snapchat,4.37,4,403,92,1.8,High
34,59,Male,Facebook,3.03,9,120,7,3.2,High
35,22,Female,Twitter,4.58,4,164,46,2.6,High
36,36,Female,Snapchat,2.47,4,346,67,4.6,Moderate
37,48,Male,Twitter,5.67,1,191,11,8.6,High
38,16,Female,Facebook,4.77,2,114,8,3.0,High
39,21,Female,LinkedIn,4.96,15,260,93,0.5,High
40,32,Female,Instagram,5.28,3,6,84,6.5,High
41,14,Female,Instagram,3.88,4,126,55,8.0,High
42,13,Male,LinkedIn,1.87,3,380,19,8.5,Moderate
43,29,Female,Instagram,5.47,7,237,60,2.4,High
44,44,Male,Twitter,3.64,2,179,98,7.0,High
45,42,Male,Facebook,3.4,3,49,86,2.5,High
46,57,Female,Facebook,2.14,2,384,14,4.6,Moderate
47,41,Male,Instagram,4.94,4,218,33,4.9,High
48,20,Male,Instagram,4.27,4,92,75,4.9,High
49,36,Female,Instagram,4.73,3,295,91,9.0,High
50,23,Male,Facebook,3.98,7,272,33,4.8,High
51,54,Female,Twitter,0.42,1,17,22,2.4,Low
52,48,Male,Facebook,3.89,1,467,45,1.5,High
53,13,Female,Instagram,2.18,5,229,84,7.9,Moderate
54,20,Female,Instagram,2.52,3,389,44,8.6,Moderate
55,36,Male,Twitter,3.22,4,475,23,1.6,High
56,41,Male,Snapchat,4.17,6,325,78,6.2,High
57,45,Female,Facebook,1.45,4,74,118,5.3,Moderate
58,34,Female,Instagram,2.2,1,475,102,8.5,Moderate
59,49,Female,Facebook,5.01,3,163,118,6.4,High
60,48,Male,Instagram,3.84,8,435,100,6.8,High
61,46,Male,Twitter,3.17,6,281,73,1.1,High
62,16,Female,Instagram,0.43,7,455,11,0.9,Low
63,40,Male,Facebook,5.16,2,171,63,8.5,High
64,46,Female,Instagram,7.03,3,296,11,5.6,Very High
65,32,Male,Facebook,2.65,5,22,97,8.5,Moderate
66,40,Female,Facebook,4.21,4,323,70,7.6,High
67,17,Female,Instagram,0.5,3,479,79,9.6,Low
68,32,Female,Twitter,0.94,4,107,64,5.7,Low
69,46,Female,Instagram,3.75,5,491,87,3.3,High
70,43,Female,Snapchat,4.36,8,200,93,6.9,High
71,50,Female,Instagram,0.98,5,415,45,9.9,Low
72,22,Female,Facebook,0.2,3,232,78,7.7,Low
73,42,Male,Facebook,3.19,2,91,36,8.9,High
74,30,Female,Instagram,3.5,5,115,55,0.9,High
75,44,Female,Instagram,1.82,1,437,36,5.1,Moderate
76,15,Male,Twitter,3.26,4,405,69,6.2,High
77,32,Female,Twitter,4.12,4,103,110,2.9,High
78,31,Female,Instagram,7.01,2,431,57,6.4,Very High
79,34,Male,Instagram,2.9,6,259,6,4.4,Moderate
80,16,Male,Instagram,3.41,5,245,84,9.7,High
81,24,Female,Instagram,2.01,3,145,52,5.3,Moderate
82,29,Male,Instagram,1.84,3,37,3,7.5,Moderate
83,25,Female,Facebook,4.38,4,113,104,7.0,High
84,42,Male,Twitter,4.4,4,198,115,9.1,High
85,56,Female,Snapchat,2.55,4,311,62,8.7,Moderate
86,54,Female,Snapchat,5.07,8,225,55,0.5,High
87,22,Female,Instagram,4.59,2,69,45,3.0,High
88,25,Female,Facebook,3.0,4,175,106,9.6,Moderate
89,16,Male,Snapchat,0.2,5,287,50,6.4,Low
90,59,Female,LinkedIn,2.09,4,229,31,4.1,Moderate
91,27,Male,Twitter,2.08,4,407,27,4.7,Moderate
92,33,Female,Facebook,4.79,0,155,32,2.0,High
93,28,Female,Instagram,3.22,4,93,20,2.6,High
94,48,Female,Snapchat,1.9,2,298,11,7.7,Moderate
95,17,Female,Instagram,1.98,5,55,37,8.5,Moderate
96,56,Male,Instagram,2.36,5,71,103,2.5,Moderate
97,21,Female,Instagram,3.09,3,161,7,9.1,High
98,39,Female,Twitter,1.62,5,198,83,8.5,Moderate
99,56,Male,LinkedIn,4.2,1,466,41,5.6,High
100,36,Female,Instagram,2.13,3,194,71,5.6,Moderate
101,26,Male,LinkedIn,2.49,6,135,36,4.3,Moderate
102,52,Male,Snapchat,2.54,7,242,117,6.5,Moderate
103,16,Male,Instagram,3.16,5,178,6,3.0,High
104,42,Male,Instagram,3.22,3,112,4,6.4,High
105,25,Other,Facebook,4.04,2,154,43,7.9,High
106,25,Female,Facebook,3.59,4,248,83,6.7,High
107,28,Female,Instagram,0.95,2,250,0,1.9,Low
108,42,Male,Snapchat,2.35,1,209,36,1.5,Moderate
109,21,Male,Facebook,0.46,10,350,59,6.9,Low
110,51,Female,Facebook,3.05,1,140,107,7.0,High
111,19,Female,Facebook,1.39,2,239,97,3.5,Moderate
112,34,Female,Snapchat,4.89,3,385,0,8.9,High
113,57,Other,Instagram,3.57,3,58,96,7.1,High
114,40,Male,Snapchat,4.03,6,240,49,7.3,High
115,20,Male,Facebook,2.78,3,429,23,1.3,Moderate
116,30,Female,Snapchat,5.88,4,38,67,0.5,High
117,55,Male,Facebook,4.13,3,377,27,4.3,High
118,18,Male,Facebook,2.57,5,433,74,8.4,Moderate
119,49,Female,LinkedIn,3.09,7,299,112,0.9,High
120,54,Other,Twitter,1.98,7,103,108,5.2,Moderate
121,54,Female,Twitter,2.34,5,326,14,1.0,Moderate
122,42,Female,Snapchat,1.58,3,381,21,5.0,Moderate
123,39,Male,LinkedIn,2.14,5,248,29,4.0,Moderate
124,13,Female,Instagram,3.81,5,378,89,3.1,High
125,35,Female,Twitter,2.56,3,483,14,6.5,Moderate
126,47,Female,Instagram,1.71,4,27,85,6.1,Moderate
127,25,Female,Instagram,2.9,3,198,64,9.8,Moderate
128,19,Male,Twitter,2.95,3,209,2,7.2,Moderate
129,53,Female,Facebook,2.76,5,357,56,6.9,Moderate
130,47,Male,Snapchat,4.08,5,184,57,1.7,High
131,55,Female,Facebook,4.47,5,205,66,7.9,High
132,59,Male,Snapchat,3.98,3,369,109,3.4,High
133,42,Male,Snapchat,4.16,6,369,90,2.1,High
134,51,Male,Instagram,5.05,5,86,104,7.4,High
135,55,Female,Instagram,3.58,6,293,90,8.6,High
136,30,Female,Twitter,5.47,2,445,105,1.1,High
137,18,Male,Snapchat,1.86,1,127,4,6.4,Moderate
138,28,Male,Facebook,1.98,0,243,68,2.6,Moderate
139,25,Female,Instagram,2.62,6,183,44,6.3,Moderate
140,54,Male,Snapchat,3.63,3,274,98,6.6,High
141,53,Female,Twitter,2.85,3,277,66,0.4,Moderate
142,41,Male,Twitter,4.47,4,408,97,0.7,High
143,50,Male,Facebook,3.52,7,56,108,0.9,High
144,22,Other,Facebook,3.76,3,271,77,4.7,High
145,36,Male,Snapchat,4.17,4,43,27,6.0,High
146,34,Male,Facebook,6.39,3,277,1,6.4,Very High
147,17,Male,Twitter,3.3,3,20,26,0.5,High
148,40,Male,Facebook,2.41,4,403,54,9.8,Moderate
149,25,Male,Instagram,2.56,7,367,88,6.9,Moderate
150,54,Female,Instagram,3.58,4,107,51,7.9,High
151,24,Female,Instagram,3.05,3,312,16,5.9,High
152,19,Male,Instagram,0.48,3,281,7,3.2,Low
153,46,Male,Instagram,2.88,4,81,41,4.0,Moderate
154,34,Male,Snapchat,2.94,3,408,109,1.0,Moderate
155,34,Male,Facebook,2.85,2,62,41,8.9,Moderate
156,43,Male,Facebook,1.88,6,130,59,6.3,Moderate
157,56,Female,Facebook,3.55,4,490,27,7.9,High
158,41,Male,Twitter,3.9,7,237,86,9.4,High
159,25,Female,Facebook,3.32,4,207,63,8.9,High
160,25,Female,LinkedIn,1.83,3,304,13,2.6,Moderate
161,58,Female,Snapchat,3.66,7,331,87,3.8,High
162,49,Male,Instagram,1.46,4,22,37,7.1,Moderate
163,20,Female,Snapchat,3.5,5,401,51,0.9,High
164,34,Female,Facebook,3.48,3,337,51,2.6,High
165,54,Female,LinkedIn,3.32,2,374,83,0.5,High
166,51,Male,Facebook,4.0,2,419,19,4.5,High
167,28,Female,Instagram,3.97,5,309,45,4.8,High
168,56,Male,Instagram,3.01,3,415,100,6.5,High
169,31,Female,Instagram,0.75,6,3,48,7.8,Low
170,41,Male,Snapchat,3.25,1,307,25,9.9,High
171,29,Female,Facebook,3.62,5,118,49,4.9,High
172,18,Male,Instagram,2.63,5,220,85,2.6,Moderate
173,48,Female,Facebook,5.14,5,381,1,5.3,High
174,26,Female,Instagram,2.24,3,323,99,9.7,Moderate
175,45,Female,Instagram,3.58,4,297,29,7.3,High
176,36,Male,Facebook,4.64,7,51,83,6.0,High
177,44,Female,Instagram,1.02,3,445,81,1.0,Moderate
178,46,Female,Instagram,0.53,6,489,78,8.7,Low
179,58,Female,Facebook,0.2,6,58,61,3.9,Low
180,53,Female,Twitter,6.91,4,483,15,0.9,Very High
181,40,Male,LinkedIn,2.16,4,41,45,2.0,Moderate
182,27,Female,Twitter,2.67,5,416,4,1.1,Moderate
183,58,Other,Instagram,2.42,4,465,34,6.2,Moderate
184,54,Male,Twitter,3.59,2,441,58,9.5,High
185,55,Male,Instagram,3.4,6,408,45,1.9,High
186,45,Female,Instagram,2.89,1,471,19,1.5,Moderate
187,47,Male,Twitter,2.79,3,151,112,4.0,Moderate
188,44,Female,Snapchat,2.88,6,118,58,5.0,Moderate
189,51,Male,Facebook,4.47,3,257,40,0.9,High
190,31,Male,Instagram,0.22,3,399,65,7.2,Low
191,22,Male,Instagram,3.96,4,246,85,5.8,High
192,22,Male,Facebook,5.91,1,136,111,0.8,High
193,26,Male,LinkedIn,0.2,3,417,21,8.4,Low
194,34,Male,Facebook,5.6,3,351,88,0.8,High
195,56,Female,Instagram,2.69,4,29,95,4.8,Moderate
196,14,Other,Instagram,4.81,5,400,1,4.4,High
197,44,Female,Twitter,3.21,3,17,50,5.1,High
198,27,Male,LinkedIn,2.15,1,244,93,6.5,Moderate
199,29,Male,Instagram,2.61,3,459,110,8.5,Moderate
200,38,Male,Snapchat,2.0,4,289,98,9.9,Moderate
201,59,Other,Snapchat,3.31,2,351,79,8.0,High
202,46,Female,Facebook,4.08,3,208,101,3.7,High
203,34,Female,LinkedIn,3.76,2,404,44,8.3,High
204,32,Male,Facebook,3.79,4,288,52,4.8,High
205,31,Other,Instagram,2.28,1,201,58,2.7,Moderate
206,13,Male,Facebook,0.2,6,318,108,3.6,Low
207,26,Female,Instagram,2.23,4,454,17,5.1,Moderate
208,23,Female,Facebook,3.72,4,325,86,1.3,High
209,40,Male,Twitter,5.14,8,344,100,2.4,High
210,41,Female,Facebook,0.48,4,189,13,5.7,Low
211,21,Male,Instagram,2.18,7,495,32,6.2,Moderate
212,46,Female,LinkedIn,2.44,3,414,92,2.5,Moderate
213,49,Male,Twitter,2.67,2,369,64,5.7,Moderate
214,38,Male,Instagram,5.0,3,355,30,1.5,High
215,57,Male,Snapchat,2.2,2,119,14,0.4,Moderate
216,55,Female,LinkedIn,2.81,0,247,67,2.5,Moderate
217,41,Male,Instagram,3.15,6,159,47,5.0,High
218,20,Male,Facebook,0.87,7,151,8,3.1,Low
219,28,Female,LinkedIn,4.43,6,336,87,5.9,High
220,13,Male,Instagram,1.35,3,471,119,9.3,Moderate
221,31,Male,Facebook,2.48,6,153,105,7.4,Moderate
222,52,Female,Instagram,5.23,3,474,36,6.6,High
223,57,Female,Facebook,0.41,3,29,90,2.7,Low
224,13,Male,LinkedIn,2.85,4,196,61,1.4,Moderate
225,57,Female,LinkedIn,2.89,0,310,114,0.3,Moderate
226,22,Female,Instagram,6.23,6,226,58,9.9,Very High
227,59,Other,LinkedIn,3.66,7,29,65,4.1,High
228,47,Female,Instagram,1.45,3,249,12,1.6,Moderate
229,56,Male,Snapchat,3.43,6,26,55,2.3,High
230,18,Female,Snapchat,5.21,3,115,104,5.7,High
231,34,Male,Instagram,3.59,7,358,77,7.8,High
232,29,Female,Facebook,5.03,3,224,98,3.3,High
233,54,Female,Instagram,2.78,2,57,54,9.3,Moderate
234,24,Male,Snapchat,2.32,3,264,45,5.0,Moderate
235,55,Female,Instagram,3.27,2,143,35,10.0,High
236,45,Male,Facebook,5.23,2,7,119,8.9,High
237,53,Male,Twitter,0.93,3,475,92,3.1,Low
238,49,Female,LinkedIn,4.34,1,111,46,1.5,High
239,18,Male,Facebook,2.99,4,334,95,7.9,Moderate
240,41,Male,Instagram,3.26,0,152,5,7.2,High
241,56,Male,Facebook,2.56,4,281,23,2.4,Moderate
242,42,Male,LinkedIn,2.13,4,247,52,9.6,Moderate
243,59,Female,LinkedIn,0.84,6,64,104,3.4,Low
244,55,Female,Instagram,2.92,3,324,56,4.3,Moderate
245,44,Female,Facebook,4.75,4,172,9,2.5,High
246,20,Female,Twitter,3.75,4,127,15,1.6,High
247,41,Male,Instagram,2.83,4,430,28,4.6,Moderate
248,27,Female,Instagram,2.42,4,257,106,7.5,Moderate
249,26,Male,Instagram,4.79,3,108,86,9.5,High
250,32,Female,Snapchat,5.42,2,48,58,5.9,High
251,54,Male,Instagram,3.9,5,480,96,2.0,High
252,26,Male,LinkedIn,4.54,4,226,94,1.5,High
253,37,Male,Facebook,1.67,4,345,111,4.2,Moderate
254,16,Female,Twitter,3.69,5,204,108,6.4,High
255,20,Female,Facebook,2.43,3,349,112,5.8,Moderate
256,55,Female,Facebook,0.2,2,305,66,0.3,Low
257,45,Male,Instagram,5.01,7,149,93,4.2,High
258,46,Female,Snapchat,5.0,5,419,74,1.0,High
259,24,Female,Snapchat,4.35,3,117,88,8.7,High
260,40,Female,Instagram,3.27,5,453,69,0.2,High
261,17,Other,Snapchat,4.37,3,387,23,8.4,High
262,51,Male,Instagram,4.02,4,226,69,9.3,High
263,44,Male,Facebook,3.03,2,221,30,0.2,High
264,43,Female,Instagram,2.95,5,47,27,8.8,Moderate
265,27,Female,Instagram,3.87,3,14,42,6.1,High
266,57,Other,Facebook,1.31,5,495,19,9.8,Moderate
267,56,Male,Facebook,1.97,4,408,10,5.6,Moderate
268,25,Female,Facebook,2.32,6,425,38,1.8,Moderate
269,29,Male,Facebook,3.16,4,426,111,6.8,High
270,39,Male,LinkedIn,4.18,5,212,101,1.2,High
271,45,Female,Instagram,0.35,7,372,105,9.6,Low
272,56,Male,Twitter,6.4,2,112,119,6.3,Very High
273,46,Female,Instagram,0.89,5,269,54,3.7,Low
274,21,Female,Instagram,2.85,6,254,97,0.4,Moderate
275,43,Male,LinkedIn,4.35,5,436,54,3.9,High
276,46,Female,Twitter,2.63,3,407,82,2.2,Moderate
277,28,Male,Instagram,3.03,2,388,46,1.7,High
278,35,Male,Instagram,3.51,8,111,44,2.1,High
279,47,Female,LinkedIn,1.36,3,347,86,3.1,Moderate
280,25,Male,Instagram,2.97,1,437,5,7.2,Moderate
281,17,Male,Snapchat,4.07,3,149,105,0.4,High
282,57,Female,Twitter,4.77,3,359,101,2.1,High
283,33,Male,Instagram,4.02,2,125,59,4.2,High
284,56,Female,Instagram,4.19,8,203,73,6.7,High
285,31,Female,LinkedIn,3.26,6,416,72,1.8,High
286,34,Male,Facebook,4.33,1,301,14,5.0,High
287,35,Male,Facebook,4.58,5,66,45,3.4,High
288,31,Male,Instagram,3.36,4,47,16,9.2,High
289,18,Female,LinkedIn,1.6,3,450,106,7.5,Moderate
290,52,Female,Instagram,2.9,3,286,55,7.8,Moderate
291,18,Female,Instagram,2.03,7,429,72,2.4,Moderate
292,18,Male,Facebook,3.38,7,190,25,5.5,High
293,19,Female,Snapchat,5.05,3,472,53,6.3,High
294,44,Female,Snapchat,4.03,2,100,18,2.4,High
295,42,Female,LinkedIn,3.0,4,344,11,6.2,Moderate
296,29,Other,Instagram,3.39,3,240,8,6.5,High
297,55,Female,Instagram,6.19,3,177,8,5.1,Very High
298,59,Male,Twitter,3.82,5,197,21,7.9,High
299,17,Male,Instagram,3.75,2,127,98,2.3,High
300,59,Male,Snapchat,4.06,0,368,24,6.1,High
301,51,Male,Snapchat,2.43,8,463,3,4.8,Moderate
302,26,Male,Snapchat,2.98,3,192,24,5.0,Moderate
303,15,Male,Facebook,3.15,3,217,107,6.1,High
304,25,Male,Instagram,3.17,5,135,111,5.6,High
305,37,Male,Twitter,5.42,3,156,84,3.2,High
306,40,Male,Instagram,1.7,3,244,90,3.4,Moderate
307,29,Female,Instagram,3.14,6,462,86,6.0,High
308,59,Male,Facebook,4.57,4,354,44,3.7,High
309,18,Female,Instagram,2.62,7,251,98,9.9,Moderate
310,53,Male,Instagram,3.13,5,330,97,1.9,High
311,42,Male,Instagram,2.93,3,94,108,7.6,Moderate
312,22,Female,Instagram,2.24,1,116,75,8.5,Moderate
313,57,Male,Instagram,3.83,2,2,87,5.4,High
314,52,Female,Facebook,3.0,7,432,96,8.2,Moderate
315,27,Male,Instagram,3.03,2,327,118,2.7,High
316,19,Female,Twitter,4.74,5,422,56,7.7,High
317,15,Male,Facebook,3.48,5,122,47,8.0,High
318,50,Male,Instagram,3.07,3,407,93,3.6,High
319,35,Female,Instagram,2.78,6,248,33,8.9,Moderate
320,59,Male,Facebook,2.18,5,150,73,4.7,Moderate
321,22,Female,LinkedIn,4.1,4,268,56,4.2,High
322,48,Male,Instagram,3.45,6,128,24,9.8,High
323,28,Male,Snapchat,2.6,11,27,16,9.0,Moderate
324,33,Male,Instagram,1.94,2,496,7,8.6,Moderate
325,45,Other,Instagram,3.8,2,336,72,4.6,High
326,48,Female,Snapchat,1.12,2,149,63,3.1,Moderate
327,34,Female,Instagram,4.08,3,409,50,5.8,High
328,19,Female,LinkedIn,5.95,5,437,37,1.9,High
329,33,Female,Facebook,1.34,4,338,15,2.3,Moderate
330,13,Female,Snapchat,1.66,5,292,1,0.2,Moderate
331,33,Female,Twitter,2.77,1,436,31,6.5,Moderate
332,46,Male,Snapchat,3.01,4,499,9,1.8,High
333,34,Male,Snapchat,4.17,3,200,96,7.6,High
334,15,Male,Instagram,2.78,5,410,5,2.6,Moderate
335,24,Male,Facebook,1.06,1,117,96,9.2,Moderate
336,24,Male,Twitter,4.15,6,428,119,7.8,High
337,49,Female,Instagram,5.25,3,340,53,6.2,High
338,21,Male,Snapchat,3.31,4,436,27,2.8,High
339,58,Female,Twitter,2.94,5,312,76,1.7,Moderate
340,56,Male,Facebook,4.56,6,262,56,1.1,High
341,20,Male,Facebook,4.46,7,310,59,6.7,High
342,20,Female,LinkedIn,3.9,3,463,88,6.1,High
343,34,Female,Facebook,0.2,7,461,33,1.6,Low
344,32,Female,Snapchat,2.83,4,446,41,6.8,Moderate
345,52,Female,Snapchat,4.57,6,276,53,8.5,High
346,35,Male,Twitter,0.71,7,269,77,9.3,Low
347,58,Male,Snapchat,3.4,2,97,112,9.1,High
348,48,Female,Twitter,2.87,3,464,53,10.0,Moderate
349,30,Female,Instagram,3.66,5,135,76,0.7,High
350,46,Male,Instagram,3.6,3,45,55,9.2,High
351,21,Male,LinkedIn,0.45,4,220,22,6.3,Low
352,28,Female,Instagram,3.67,3,374,1,2.0,High
353,23,Female,Instagram,2.78,4,439,15,0.4,Moderate
354,31,Female,Snapchat,3.31,5,94,19,3.4,High
355,40,Female,LinkedIn,1.23,3,306,114,1.3,Moderate
356,30,Female,Instagram,4.1,6,98,80,10.0,High
357,39,Male,Facebook,2.64,2,400,22,6.7,Moderate
358,52,Male,Snapchat,1.28,3,265,90,9.5,Moderate
359,13,Female,Instagram,3.54,3,344,104,3.4,High
360,21,Female,Instagram,1.76,3,463,5,2.2,Moderate
361,26,Female,Instagram,4.41,3,263,29,2.5,High
362,37,Female,LinkedIn,2.95,1,371,100,5.5,Moderate
363,25,Male,Snapchat,1.68,4,290,96,3.2,Moderate
364,47,Female,LinkedIn,0.31,2,389,8,1.7,Low
365,16,Other,Snapchat,4.75,1,184,89,4.9,High
366,45,Female,Facebook,2.67,3,346,98,4.8,Moderate
367,39,Male,Twitter,1.3,3,123,39,8.2,Moderate
368,30,Male,Facebook,1.4,3,466,37,5.9,Moderate
369,24,Male,Twitter,2.32,4,384,12,1.2,Moderate
370,14,Male,Twitter,0.81,4,396,40,5.1,Low
371,50,Male,Twitter,3.35,1,318,52,8.9,High
372,50,Female,Instagram,4.21,2,84,100,6.2,High
373,22,Other,Snapchat,4.18,9,136,73,1.7,High
374,40,Male,Instagram,2.72,2,170,10,7.9,Moderate
375,32,Female,Twitter,2.17,1,393,30,2.8,Moderate
376,56,Male,Twitter,3.01,7,446,104,3.2,High
377,33,Male,Instagram,1.4,2,63,13,2.4,Moderate
378,15,Female,Snapchat,2.05,4,243,85,8.2,Moderate
379,21,Male,Snapchat,3.89,1,133,115,7.6,High
380,33,Male,LinkedIn,2.47,2,222,100,6.0,Moderate
381,23,Female,Instagram,0.2,6,195,96,1.8,Low
382,45,Other,Facebook,1.98,4,395,27,5.1,Moderate
383,58,Female,Instagram,2.5,3,352,100,7.9,Moderate
384,15,Female,Facebook,5.13,3,210,19,9.8,High
385,35,Female,Facebook,4.66,5,46,105,8.8,High
386,16,Female,Snapchat,3.17,4,314,54,5.2,High
387,54,Female,LinkedIn,3.14,5,251,47,7.2,High
388,41,Female,Snapchat,1.3,4,185,72,1.9,Moderate
389,28,Female,Snapchat,5.67,3,498,77,7.8,High
390,58,Male,Twitter,4.81,8,406,75,5.3,High
391,51,Male,Twitter,4.54,7,496,103,10.0,High
392,22,Male,Instagram,4.14,3,419,78,5.6,High
393,54,Male,Snapchat,2.87,8,51,70,9.6,Moderate
394,54,Male,Facebook,1.58,6,91,4,5.8,Moderate
395,49,Male,Instagram,5.12,2,407,83,2.8,High
396,53,Male,Snapchat,5.06,2,50,66,5.7,High
397,25,Male,Twitter,3.64,2,422,7,7.1,High
398,47,Male,Twitter,3.97,2,122,12,0.4,High
399,49,Male,Twitter,2.11,2,212,0,8.4,Moderate
400,35,Female,Snapchat,5.63,5,473,23,7.0,High
401,18,Male,Instagram,6.76,5,165,48,2.9,Very High
402,28,Female,Twitter,2.7,6,30,96,3.8,Moderate
403,16,Male,Twitter,1.46,4,69,36,8.1,Moderate
404,50,Male,Snapchat,5.37,3,10,78,5.9,High
405,35,Male,Instagram,3.93,1,333,66,0.5,High
406,59,Male,Facebook,3.67,3,308,12,2.7,High
407,27,Male,Instagram,1.73,8,449,76,6.8,Moderate
408,49,Male,Instagram,4.64,2,399,96,7.7,High
409,32,Male,Instagram,3.19,2,404,102,0.2,High
410,57,Male,Facebook,4.58,3,133,113,5.7,High
411,50,Female,Instagram,3.87,5,114,59,3.9,High
412,59,Female,Twitter,4.81,2,172,109,0.7,High
413,36,Male,Instagram,3.28,4,449,115,9.4,High
414,18,Male,Instagram,4.01,8,356,73,2.3,High
415,37,Female,LinkedIn,3.03,6,374,10,1.7,High
416,24,Male,Twitter,4.08,5,273,86,0.5,High
417,39,Male,Facebook,1.71,3,244,22,8.5,Moderate
418,47,Female,Instagram,3.81,3,289,54,2.8,High
419,29,Male,Facebook,3.36,1,286,99,4.4,High
420,54,Female,Twitter,3.42,3,228,98,2.2,High
421,32,Female,Instagram,1.53,1,362,60,4.8,Moderate
422,47,Male,Instagram,1.23,2,251,79,8.0,Moderate
423,23,Male,Instagram,3.27,4,328,54,6.9,High
424,17,Female,Instagram,0.51,3,448,98,9.2,Low
425,16,Other,Instagram,5.91,2,285,75,6.3,High
426,17,Female,Twitter,3.61,5,406,77,6.2,High
427,53,Male,Snapchat,3.06,3,154,51,0.3,High
428,20,Male,Instagram,3.29,3,292,15,8.6,High
429,55,Female,Snapchat,3.45,4,392,89,4.1,High
430,15,Female,Facebook,2.86,5,372,59,10.0,Moderate
431,52,Female,Instagram,3.28,6,67,61,8.0,High
432,23,Female,Twitter,2.53,6,326,111,9.3,Moderate
433,21,Male,LinkedIn,1.31,5,44,71,1.7,Moderate
434,42,Male,Instagram,4.34,3,259,107,8.6,High
435,17,Female,Twitter,1.67,2,280,103,1.0,Moderate
436,13,Female,Instagram,1.87,5,185,117,0.7,Moderate
437,36,Male,Snapchat,3.7,4,116,36,0.6,High
438,33,Male,Instagram,4.4,4,377,79,0.3,High
439,42,Female,Snapchat,2.58,2,390,118,4.6,Moderate
440,44,Male,Instagram,0.2,1,455,71,6.9,Low
441,55,Male,Instagram,4.7,7,44,24,8.8,High
442,35,Female,Instagram,4.27,6,437,117,1.2,High
443,43,Male,Facebook,2.12,3,220,86,5.7,Moderate
444,13,Female,Instagram,1.63,2,129,0,3.1,Moderate
445,47,Male,Facebook,4.17,5,121,25,4.3,High
446,33,Male,Facebook,2.71,4,359,20,9.9,Moderate
447,28,Male,Instagram,2.27,1,74,49,4.6,Moderate
448,33,Female,Snapchat,3.11,4,110,118,6.9,High
449,30,Male,Twitter,3.78,2,150,92,8.8,High
450,23,Female,Snapchat,4.38,2,360,65,5.9,High
451,13,Male,Facebook,1.6,6,351,89,5.3,Moderate
452,13,Male,Instagram,3.22,5,137,103,3.4,High
453,47,Male,Twitter,0.79,6,153,83,7.9,Low
454,48,Female,Twitter,2.29,3,304,36,4.1,Moderate
455,41,Male,Twitter,2.57,5,493,77,9.3,Moderate
456,54,Male,Twitter,2.46,1,302,16,1.1,Moderate
457,48,Male,LinkedIn,2.81,3,358,35,3.4,Moderate
458,34,Female,Instagram,2.24,3,495,99,3.2,Moderate
459,51,Male,Instagram,3.39,6,32,6,7.6,High
460,58,Male,Instagram,4.46,3,219,41,8.7,High
461,37,Female,Facebook,1.41,4,130,30,2.6,Moderate
462,35,Male,Facebook,1.96,6,382,87,1.5,Moderate
463,36,Female,Snapchat,2.59,7,445,71,1.0,Moderate
464,41,Female,Snapchat,2.87,5,196,73,9.1,Moderate
465,24,Female,Instagram,2.7,2,294,5,2.3,Moderate
466,24,Other,LinkedIn,2.31,4,167,59,0.8,Moderate
467,35,Male,Twitter,4.39,3,368,7,5.5,High
468,41,Male,Instagram,4.45,2,467,104,9.9,High
469,49,Male,Instagram,2.57,5,356,41,1.0,Moderate
470,15,Male,Instagram,1.34,5,39,72,5.4,Moderate
471,42,Female,Snapchat,2.23,4,386,11,5.3,Moderate
472,52,Male,Snapchat,4.88,5,27,44,0.9,High
473,54,Male,Snapchat,4.26,2,375,8,0.4,High
474,55,Female,Facebook,2.61,1,283,32,2.6,Moderate
475,21,Female,Twitter,3.82,3,341,83,2.8,High
476,51,Female,Snapchat,4.51,6,446,79,5.2,High
477,39,Female,Instagram,4.97,7,494,39,9.2,High
478,30,Female,Instagram,2.14,1,358,42,3.1,Moderate
479,29,Male,Facebook,5.08,5,320,50,8.6,High
480,20,Male,Twitter,3.76,2,292,60,0.5,High
481,17,Female,Facebook,4.41,7,411,76,2.5,High
482,59,Female,Instagram,2.28,2,54,13,1.3,Moderate
483,16,Male,Twitter,6.89,4,259,89,3.1,Very High
484,36,Male,Snapchat,3.08,3,445,24,3.9,High
485,59,Female,Instagram,2.14,6,388,3,1.8,Moderate
486,41,Other,Snapchat,2.25,5,479,78,8.2,Moderate
487,57,Female,Instagram,2.38,0,170,100,7.0,Moderate
488,49,Female,LinkedIn,1.53,9,379,100,2.8,Moderate
489,44,Female,Snapchat,2.08,7,13,108,8.0,Moderate
490,53,Male,LinkedIn,4.79,3,369,115,2.6,High
491,34,Other,LinkedIn,3.16,1,154,35,1.0,High
492,13,Female,Facebook,3.15,2,102,106,7.9,High
493,41,Male,Twitter,1.31,2,399,114,1.8,Moderate
494,20,Female,Instagram,2.35,1,230,44,2.2,Moderate
495,56,Male,Snapchat,4.2,6,311,104,8.1,High
496,39,Female,Instagram,0.2,3,65,54,6.9,Low
497,18,Male,Instagram,3.0,7,71,72,8.0,Moderate
498,25,Male,Instagram,2.25,4,24,87,2.0,Moderate
499,14,Female,Twitter,3.29,3,55,55,8.0,High
500,34,Male,LinkedIn,1.97,2,448,19,4.0,Moderate
501,38,Female,LinkedIn,3.48,4,277,83,5.9,High
502,38,Male,Instagram,4.14,10,140,119,1.6,High
503,34,Female,Instagram,4.3,6,136,69,4.8,High
504,51,Male,Facebook,1.59,3,110,24,4.0,Moderate
505,56,Male,Facebook,3.87,3,490,2,4.5,High
506,50,Male,Instagram,4.58,5,496,108,4.7,High
507,38,Female,Instagram,4.92,6,26,66,3.2,High
508,17,Female,Instagram,1.06,4,195,43,4.0,Moderate
509,42,Female,Twitter,3.94,4,462,81,8.7,High
510,35,Female,Instagram,2.01,2,363,23,8.7,Moderate
511,45,Male,Instagram,3.33,3,197,7,10.0,High
512,35,Male,Snapchat,3.71,7,218,35,9.6,High
513,47,Female,Instagram,4.31,3,382,42,6.7,High
514,23,Female,Twitter,1.98,4,69,85,7.1,Moderate
515,26,Male,LinkedIn,1.71,3,157,56,3.7,Moderate
516,48,Male,Facebook,3.92,2,203,64,4.4,High
517,46,Female,Facebook,3.42,2,133,6,0.7,High
518,51,Other,Facebook,1.51,6,453,8,4.2,Moderate
519,52,Female,Twitter,3.72,2,351,76,6.6,High
520,29,Male,Facebook,1.58,2,248,17,9.2,Moderate
521,17,Female,Instagram,2.46,1,336,47,6.4,Moderate
522,36,Female,Instagram,1.83,2,415,119,6.4,Moderate
523,13,Female,Facebook,6.14,6,307,55,8.6,Very High
524,31,Female,Snapchat,3.67,8,460,44,4.7,High
525,22,Male,LinkedIn,3.49,7,256,73,7.4,High
526,19,Female,Snapchat,3.77,10,22,54,6.7,High
527,30,Female,Twitter,1.21,5,390,21,2.8,Moderate
528,15,Male,LinkedIn,4.75,4,363,79,2.3,High
529,27,Female,Snapchat,3.85,3,388,110,0.6,High
530,59,Male,Twitter,2.26,8,290,75,6.3,Moderate
531,15,Female,Facebook,0.2,3,385,117,7.0,Low
532,44,Male,Twitter,1.86,3,56,75,4.1,Moderate
533,21,Male,Twitter,2.49,4,97,33,0.2,Moderate
534,26,Male,LinkedIn,2.27,4,37,114,7.7,Moderate
535,41,Other,Instagram,3.06,1,19,80,2.6,High
536,54,Male,Snapchat,5.32,3,245,74,1.5,High
537,39,Female,Snapchat,2.96,7,289,113,2.7,Moderate
538,52,Male,Instagram,5.03,5,441,67,7.8,High
539,31,Male,Instagram,3.38,5,477,83,9.2,High
540,33,Female,Instagram,1.93,4,72,25,1.6,Moderate
541,36,Female,Snapchat,1.07,8,383,85,0.3,Moderate
542,41,Male,Facebook,2.83,3,350,115,7.3,Moderate
543,41,Male,Snapchat,2.19,5,378,83,8.2,Moderate
544,28,Female,Instagram,2.2,5,299,25,5.7,Moderate
545,58,Male,Facebook,0.65,4,446,48,9.1,Low
546,46,Male,Twitter,2.01,2,46,22,4.4,Moderate
547,13,Female,Facebook,3.34,5,220,89,1.4,High
548,14,Female,Twitter,2.7,4,393,3,4.4,Moderate
549,37,Male,Instagram,2.95,3,296,112,5.6,Moderate
550,52,Female,Instagram,4.05,6,465,113,8.1,High
551,49,Other,LinkedIn,3.22,2,171,33,9.9,High
552,55,Female,Facebook,3.22,3,402,54,6.6,High
553,35,Female,Instagram,1.55,6,108,111,8.2,Moderate
554,56,Female,Snapchat,2.79,3,338,10,5.5,Moderate
555,14,Female,Facebook,2.6,4,49,86,0.1,Moderate
556,33,Female,Instagram,3.25,2,258,68,0.8,High
557,21,Male,Snapchat,4.33,2,233,57,1.3,High
558,36,Female,Facebook,3.6,2,467,63,9.2,High
559,59,Female,Instagram,3.53,4,342,87,0.2,High
560,40,Male,LinkedIn,0.95,4,261,21,5.0,Low
561,48,Male,Instagram,4.64,4,68,68,4.3,High
562,27,Male,Snapchat,1.05,3,322,101,8.0,Moderate
563,35,Female,LinkedIn,4.87,6,193,110,7.0,High
564,38,Male,LinkedIn,5.22,5,13,24,0.4,High
565,38,Male,Facebook,3.43,1,43,45,4.5,High
566,59,Female,Instagram,5.22,3,454,66,7.2,High
567,43,Female,Snapchat,2.53,6,477,89,4.6,Moderate
568,55,Male,Facebook,3.3,2,116,65,2.7,High
569,25,Female,Instagram,2.17,2,206,80,4.1,Moderate
570,59,Female,Instagram,4.52,5,126,84,4.0,High
571,58,Male,Facebook,2.94,3,254,66,5.9,Moderate
572,36,Male,Facebook,3.12,6,498,41,6.7,High
573,51,Male,Twitter,4.22,2,423,9,3.2,High
574,37,Female,Facebook,3.45,2,128,116,0.4,High
575,35,Male,Instagram,2.94,10,371,107,7.2,Moderate
576,40,Female,Twitter,4.92,2,281,104,0.8,High
577,15,Female,Twitter,0.2,3,365,87,6.7,Low
578,31,Female,Instagram,1.46,0,310,15,9.5,Moderate
579,56,Female,Facebook,3.61,3,323,117,4.2,High
580,50,Female,Instagram,2.85,2,414,6,9.6,Moderate
581,30,Male,Facebook,2.19,3,286,23,9.4,Moderate
582,30,Male,Facebook,3.28,6,205,46,9.0,High
583,17,Other,Twitter,2.9,4,304,21,7.6,Moderate
584,38,Female,Instagram,5.21,5,22,57,6.6,High
585,42,Female,Instagram,2.59,4,445,84,5.8,Moderate
586,24,Female,Facebook,3.37,2,459,44,6.1,High
587,50,Female,Instagram,3.72,4,263,44,9.6,High
588,44,Male,LinkedIn,3.24,3,394,1,1.8,High
589,16,Female,Snapchat,3.29,6,481,78,4.6,High
590,43,Female,Facebook,3.39,5,217,81,5.3,High
591,26,Female,Facebook,2.38,6,67,44,8.6,Moderate
592,18,Male,LinkedIn,5.07,2,380,27,0.3,High
593,52,Male,LinkedIn,2.89,4,428,41,9.5,Moderate
594,13,Male,Snapchat,1.87,5,440,24,4.7,Moderate
595,55,Male,Twitter,3.25,7,88,112,2.6,High
596,57,Male,Facebook,2.42,7,479,7,5.7,Moderate
597,28,Female,LinkedIn,2.65,6,88,54,3.8,Moderate
598,49,Female,Snapchat,4.53,2,287,113,7.7,High
599,57,Female,Facebook,2.79,3,422,54,3.4,Moderate
600,26,Male,Twitter,2.59,8,474,20,8.1,Moderate
601,45,Male,Instagram,3.99,1,337,22,2.1,High
602,45,Male,Facebook,0.49,3,38,58,4.2,Low
603,24,Male,Twitter,4.09,3,105,43,8.7,High
604,56,Female,Instagram,4.6,7,64,10,6.2,High
605,14,Male,Facebook,3.55,2,265,48,6.0,High
606,45,Female,Twitter,3.7,1,301,106,4.9,High
607,52,Female,Instagram,3.07,4,240,0,8.2,High
608,19,Male,Facebook,3.37,3,80,27,5.0,High
609,16,Female,Facebook,1.93,5,256,94,8.3,Moderate
610,51,Female,Facebook,2.81,3,279,10,6.2,Moderate
611,43,Male,Instagram,2.78,1,376,108,9.4,Moderate
612,17,Female,Instagram,3.36,2,129,78,5.4,High
613,40,Female,Instagram,2.32,6,379,68,1.2,Moderate
614,53,Male,Instagram,1.74,5,429,82,7.7,Moderate
615,43,Female,Facebook,3.22,3,488,118,7.9,High
616,39,Male,Facebook,4.84,3,204,94,9.6,High
617,59,Female,LinkedIn,3.75,3,480,64,8.1,High
618,54,Female,Twitter,6.08,5,372,111,4.0,Very High
619,39,Female,Instagram,1.82,10,103,78,4.5,Moderate
620,40,Female,Instagram,3.74,9,334,102,9.1,High
621,38,Female,Facebook,2.82,3,435,42,5.9,Moderate
622,15,Female,Instagram,3.6,4,351,27,5.7,High
623,34,Female,Facebook,4.85,4,425,90,2.3,High
624,57,Female,LinkedIn,2.68,7,244,55,0.9,Moderate
625,33,Other,Facebook,0.36,6,346,2,1.1,Low
626,23,Male,Twitter,5.77,1,473,25,9.5,High
627,46,Male,Snapchat,5.29,6,30,13,3.2,High
628,50,Male,Instagram,4.02,4,348,61,5.6,High
629,57,Female,LinkedIn,4.63,5,214,74,5.6,High
630,31,Male,Twitter,0.58,3,157,5,7.8,Low
631,58,Male,Twitter,1.78,6,428,66,8.6,Moderate
632,30,Female,Instagram,3.01,5,191,117,4.3,High
633,59,Female,Instagram,1.78,4,447,61,7.9,Moderate
634,30,Male,Instagram,1.91,2,290,6,0.3,Moderate
635,47,Other,Instagram,5.04,5,419,86,1.7,High
636,21,Female,Instagram,3.4,3,332,71,9.8,High
637,26,Female,Facebook,2.7,6,462,75,4.9,Moderate
638,18,Male,Facebook,2.51,5,44,11,2.8,Moderate
639,35,Male,Facebook,2.73,4,433,37,9.5,Moderate
640,53,Female,Facebook,5.52,2,402,40,2.7,High
641,31,Male,Snapchat,1.4,4,283,99,7.5,Moderate
642,14,Female,Instagram,3.29,5,405,14,7.7,High
643,58,Male,Instagram,3.33,5,333,101,3.3,High
644,45,Female,Instagram,0.85,3,135,110,1.8,Low
645,20,Male,Facebook,3.49,5,460,17,1.0,High
646,17,Male,LinkedIn,1.08,1,104,106,6.6,Moderate
647,42,Male,Instagram,3.63,7,334,106,4.9,High
648,25,Female,Twitter,2.25,6,90,98,9.0,Moderate
649,49,Male,Facebook,5.05,2,354,99,3.3,High
650,13,Male,Instagram,3.6,10,187,54,9.4,High
651,50,Female,Instagram,4.67,6,241,19,0.6,High
652,15,Female,Snapchat,2.35,3,451,98,4.7,Moderate
653,34,Male,Snapchat,3.5,7,379,46,9.7,High
654,35,Female,Instagram,2.0,6,331,67,0.5,Moderate
655,22,Male,Twitter,4.63,5,315,13,0.9,High
656,43,Female,Snapchat,4.75,2,237,89,6.1,High
657,35,Male,Twitter,5.0,3,461,105,2.9,High
658,36,Female,LinkedIn,3.47,6,376,110,5.7,High
659,56,Male,Facebook,3.85,2,415,19,10.0,High
660,23,Male,Twitter,3.35,3,221,84,7.3,High
661,21,Female,LinkedIn,4.64,8,65,14,8.6,High
662,24,Female,Instagram,2.33,2,476,44,5.2,Moderate
663,52,Male,Instagram,1.69,4,95,104,2.6,Moderate
664,16,Female,Instagram,2.27,4,342,86,6.5,Moderate
665,20,Female,LinkedIn,3.7,5,408,59,2.7,High
666,29,Male,LinkedIn,3.48,6,197,52,9.3,High
667,19,Male,Instagram,2.71,3,325,36,9.6,Moderate
668,20,Male,Instagram,5.43,4,366,3,9.6,High
669,26,Male,Snapchat,2.55,6,178,30,7.0,Moderate
670,29,Male,Twitter,1.89,2,299,45,1.8,Moderate
671,15,Female,Instagram,4.31,3,110,54,9.5,High
672,52,Male,Facebook,2.97,3,361,74,1.1,Moderate
673,17,Female,Twitter,4.81,6,147,2,4.2,High
674,15,Female,Instagram,3.51,3,431,48,3.5,High
675,42,Male,Instagram,5.69,4,306,53,2.8,High
676,50,Female,Instagram,3.2,4,446,14,0.5,High
677,26,Female,Instagram,1.38,8,312,22,3.7,Moderate
678,37,Female,Instagram,1.6,6,391,63,1.3,Moderate
679,13,Female,Twitter,3.49,3,442,100,0.6,High
680,34,Female,LinkedIn,1.33,4,406,19,8.9,Moderate
681,48,Female,Facebook,1.05,2,362,7,6.0,Moderate
682,56,Female,Instagram,3.71,4,485,0,4.8,High
683,39,Male,Facebook,2.83,6,411,69,4.0,Moderate
684,42,Female,Instagram,2.25,6,193,30,3.3,Moderate
685,28,Male,Instagram,3.12,4,0,98,4.1,High
686,17,Male,Instagram,2.42,2,417,114,8.0,Moderate
687,34,Female,Facebook,1.27,6,470,72,9.3,Moderate
688,59,Female,Instagram,0.85,3,335,26,8.1,Low
689,40,Male,LinkedIn,1.2,4,288,119,0.1,Moderate
690,57,Male,LinkedIn,3.38,3,232,74,5.9,High
691,23,Female,Instagram,3.73,4,188,60,6.3,High
692,40,Male,Instagram,1.64,1,101,114,0.6,Moderate
693,13,Female,Instagram,3.78,4,16,61,7.2,High
694,34,Female,Instagram,4.02,3,379,65,2.1,High
695,38,Male,Facebook,3.36,1,315,25,1.1,High
696,58,Male,Facebook,3.04,2,222,66,7.4,High
697,16,Male,Snapchat,4.26,4,216,93,2.9,High
698,18,Male,Instagram,2.26,0,427,94,2.5,Moderate
699,13,Female,Instagram,3.84,7,478,101,6.8,High
700,58,Other,Instagram,0.2,2,249,28,8.1,Low
701,30,Female,Facebook,2.65,3,370,115,1.0,Moderate
702,23,Female,LinkedIn,5.15,5,217,42,3.0,High
703,52,Female,Snapchat,3.27,5,353,76,6.1,High
704,36,Female,Facebook,2.06,5,184,81,3.4,Moderate
705,52,Female,Instagram,1.4,6,130,8,0.8,Moderate
706,15,Female,Snapchat,3.86,4,29,27,8.7,High
707,32,Female,Instagram,4.05,7,388,67,2.2,High
708,35,Female,Facebook,4.98,5,50,48,5.9,High
709,25,Female,Facebook,2.62,6,241,102,9.4,Moderate
710,37,Male,Instagram,4.09,6,282,68,5.2,High
711,15,Male,Instagram,5.31,2,155,32,2.6,High
712,20,Male,Instagram,6.22,3,429,19,3.1,Very High
713,41,Female,Facebook,1.51,6,458,1,9.1,Moderate
714,50,Female,Facebook,2.74,6,98,39,1.3,Moderate
715,20,Female,Instagram,2.6,4,255,71,8.2,Moderate
716,54,Female,Snapchat,4.27,3,492,58,2.8,High
717,48,Female,Facebook,2.65,5,41,65,0.1,Moderate
718,45,Male,Instagram,3.76,1,117,91,4.0,High
719,38,Female,Instagram,3.56,6,296,65,1.1,High
720,54,Male,Facebook,1.7,3,218,24,0.5,Moderate
721,33,Female,LinkedIn,5.1,1,417,103,7.6,High
722,18,Male,Twitter,2.92,3,157,21,9.4,Moderate
723,48,Female,LinkedIn,4.04,1,180,105,5.7,High
724,28,Male,Instagram,2.63,7,478,119,4.4,Moderate
725,53,Male,Instagram,2.87,4,130,119,3.7,Moderate
726,17,Male,Twitter,2.21,6,194,7,2.2,Moderate
727,40,Other,Twitter,3.04,7,115,29,1.1,High
728,21,Female,Snapchat,2.24,5,383,87,7.5,Moderate
729,14,Male,Facebook,2.73,5,303,52,7.1,Moderate
730,33,Male,Instagram,1.42,3,408,92,6.2,Moderate
731,15,Male,Instagram,3.24,4,409,4,6.4,High
732,59,Male,Snapchat,4.78,6,109,107,0.2,High
733,56,Female,Instagram,3.68,5,138,90,9.4,High
734,26,Female,Facebook,2.37,3,315,49,3.0,Moderate
735,21,Male,Facebook,5.13,7,227,30,4.1,High
736,34,Male,Instagram,2.85,2,208,103,1.2,Moderate
737,24,Female,Twitter,3.01,5,174,87,6.1,High
738,13,Male,Snapchat,4.64,3,370,18,0.3,High
739,23,Male,Twitter,1.61,4,33,10,4.3,Moderate
740,54,Male,Snapchat,3.58,5,303,35,0.3,High
741,46,Female,Instagram,3.64,6,26,44,3.9,High
742,40,Male,Facebook,4.26,4,70,44,0.8,High
743,44,Other,Facebook,3.2,9,169,27,3.5,High
744,24,Female,Snapchat,2.35,4,379,115,9.7,Moderate
745,44,Male,Instagram,2.23,2,225,23,4.9,Moderate
746,49,Male,Instagram,4.21,1,425,4,3.7,High
747,46,Other,LinkedIn,3.34,2,469,1,9.0,High
748,22,Female,Twitter,5.63,5,296,108,1.6,High
749,42,Male,Instagram,2.93,4,51,80,5.5,Moderate
750,27,Female,Facebook,2.73,6,230,106,6.6,Moderate
751,15,Female,Instagram,1.73,4,337,67,4.6,Moderate
752,22,Female,Snapchat,1.96,2,491,90,7.5,Moderate
753,24,Female,Instagram,4.15,3,131,86,0.9,High
754,14,Female,Facebook,3.11,6,157,103,0.3,High
755,47,Female,Facebook,2.24,5,123,23,9.5,Moderate
756,30,Female,Instagram,2.36,5,175,13,0.7,Moderate
757,18,Female,Snapchat,3.91,4,7,89,6.3,High
758,51,Male,Facebook,0.2,5,273,36,6.7,Low
759,44,Male,Facebook,3.08,9,93,77,3.0,High
760,27,Other,LinkedIn,0.84,6,178,22,4.6,Low
761,30,Male,Instagram,3.89,4,92,103,9.3,High
762,35,Female,Snapchat,0.9,4,264,117,8.7,Low
763,29,Female,Instagram,3.44,7,247,43,1.1,High
764,18,Male,Facebook,1.9,2,5,79,7.8,Moderate
765,52,Female,Instagram,3.03,2,459,13,5.7,High
766,33,Male,Facebook,5.13,7,219,68,3.6,High
767,15,Female,Instagram,2.43,3,74,109,1.8,Moderate
768,35,Other,Instagram,5.15,6,274,64,4.8,High
769,17,Male,Instagram,4.15,2,290,64,4.2,High
770,59,Male,Facebook,2.0,4,419,108,4.4,Moderate
771,46,Male,Facebook,0.69,4,475,63,2.0,Low
772,52,Male,Snapchat,3.13,7,401,12,7.4,High
773,45,Female,Twitter,1.52,6,377,36,4.1,Moderate
774,37,Male,Instagram,3.66,6,270,44,3.7,High
775,23,Male,Snapchat,5.02,3,185,47,0.3,High
776,29,Male,Twitter,3.2,3,160,66,0.4,High
777,54,Female,LinkedIn,1.59,4,191,67,4.7,Moderate
778,45,Female,Twitter,2.22,5,50,47,4.7,Moderate
779,56,Female,Instagram,1.41,6,258,50,6.9,Moderate
780,32,Female,LinkedIn,3.37,6,421,26,1.4,High
781,31,Male,Twitter,4.55,3,368,70,9.3,High
782,57,Female,Twitter,1.31,4,360,67,1.6,Moderate
783,31,Female,Facebook,3.16,2,40,96,8.6,High
784,13,Other,Instagram,4.76,3,337,41,1.2,High
785,25,Male,Instagram,2.11,7,451,105,3.0,Moderate
786,58,Female,Facebook,4.89,5,470,90,0.1,High
787,34,Male,Instagram,2.33,4,29,91,9.4,Moderate
788,29,Male,Facebook,5.43,5,235,62,0.2,High
789,59,Female,Snapchat,1.69,3,137,95,3.0,Moderate
790,40,Male,Instagram,2.72,6,276,74,8.3,Moderate
791,31,Female,Facebook,4.76,8,409,15,6.2,High
792,28,Female,Facebook,3.53,6,380,70,5.1,High
793,55,Female,Instagram,3.65,5,61,46,4.0,High
794,41,Male,Instagram,3.44,4,46,105,6.4,High
795,32,Male,Snapchat,3.48,7,125,85,1.7,High
796,23,Female,Twitter,4.67,3,268,70,5.2,High
797,57,Male,LinkedIn,2.16,5,138,4,8.8,Moderate
798,56,Female,Facebook,4.41,5,489,114,8.6,High
799,38,Female,Facebook,3.36,9,214,58,4.9,High
800,13,Female,Facebook,1.84,0,145,67,5.5,Moderate
801,37,Female,Facebook,1.75,4,11,6,4.9,Moderate
802,45,Female,Instagram,3.44,2,33,12,5.4,High
803,52,Male,Facebook,4.86,5,5,17,6.2,High
804,27,Male,Instagram,3.34,4,363,12,1.0,High
805,50,Male,Facebook,4.99,5,99,39,1.9,High
806,52,Female,Twitter,3.15,1,365,62,1.8,High
807,27,Female,Twitter,3.1,3,254,54,8.3,High
808,40,Female,Facebook,2.95,6,168,109,2.4,Moderate
809,15,Female,Facebook,2.53,6,179,22,3.0,Moderate
810,30,Female,Instagram,2.48,5,235,46,1.2,Moderate
811,14,Male,LinkedIn,2.63,6,338,22,6.7,Moderate
812,59,Male,Snapchat,4.16,6,112,92,9.3,High
813,15,Male,Snapchat,3.71,2,120,0,6.7,High
814,43,Female,LinkedIn,3.38,1,447,6,4.7,High
815,22,Female,Facebook,6.21,3,177,65,3.6,Very High
816,36,Male,Facebook,2.69,3,216,66,8.4,Moderate
817,17,Female,Instagram,3.22,4,445,92,8.2,High
818,58,Male,Snapchat,2.9,1,35,89,1.3,Moderate
819,57,Female,Snapchat,3.1,4,410,119,9.0,High
820,49,Male,Instagram,1.52,5,66,30,5.5,Moderate
821,43,Male,Instagram,2.73,5,381,41,5.8,Moderate
822,29,Female,Facebook,5.39,4,498,20,8.0,High
823,18,Male,Snapchat,3.87,5,157,118,3.8,High
824,52,Female,Twitter,4.89,2,67,99,1.7,High
825,58,Female,Facebook,5.27,9,170,14,1.4,High
826,14,Male,Instagram,3.06,4,298,35,7.5,High
827,39,Female,Snapchat,3.34,1,167,31,6.6,High
828,45,Male,Instagram,6.91,10,414,53,6.2,Very High
829,26,Male,Twitter,4.71,3,377,93,6.3,High
830,24,Male,Instagram,2.59,2,473,92,0.3,Moderate
831,52,Female,Facebook,2.56,5,319,56,7.3,Moderate
832,24,Female,Snapchat,5.17,3,453,102,2.6,High
833,46,Female,Instagram,2.45,1,397,18,4.7,Moderate
834,50,Female,Twitter,2.63,0,19,6,1.3,Moderate
835,37,Female,Twitter,5.76,6,236,85,7.4,High
836,39,Female,Instagram,3.45,6,270,8,4.5,High
837,33,Female,Instagram,4.45,4,296,44,8.3,High
838,45,Female,Snapchat,2.16,3,474,66,1.0,Moderate
839,51,Female,Snapchat,4.07,1,337,16,6.3,High
840,41,Female,LinkedIn,0.64,2,332,49,0.5,Low
841,31,Female,Facebook,5.1,9,318,85,0.3,High
842,14,Male,Facebook,3.8,3,27,86,6.7,High
843,57,Female,Instagram,2.68,4,334,69,5.9,Moderate
844,23,Male,LinkedIn,4.83,2,42,37,9.5,High
845,23,Female,Snapchat,5.22,3,224,91,7.5,High
846,53,Male,Twitter,3.44,8,179,91,3.1,High
847,15,Male,Snapchat,4.2,5,373,26,7.7,High
848,44,Male,Facebook,3.56,3,350,86,7.7,High
849,52,Female,Snapchat,2.81,4,422,43,4.7,Moderate
850,44,Male,Facebook,1.89,7,29,116,0.2,Moderate
851,28,Male,Twitter,2.75,4,169,78,0.9,Moderate
852,58,Female,Facebook,2.14,3,288,51,8.8,Moderate
853,19,Male,Instagram,3.61,1,476,36,1.8,High
854,33,Female,Twitter,3.48,5,474,78,7.4,High
855,35,Male,Instagram,5.08,7,157,81,1.1,High
856,21,Male,Facebook,2.92,7,0,0,4.3,Moderate
857,30,Male,Instagram,1.66,2,16,109,0.4,Moderate
858,44,Female,Twitter,4.56,7,205,44,5.1,High
859,20,Female,Twitter,4.25,3,342,81,9.5,High
860,55,Female,Snapchat,2.46,4,186,36,0.4,Moderate
861,22,Female,Instagram,2.62,3,350,49,6.6,Moderate
862,40,Female,Twitter,2.45,2,57,112,4.0,Moderate
863,50,Male,Instagram,2.1,6,94,64,8.6,Moderate
864,44,Female,Facebook,2.35,3,384,9,2.9,Moderate
865,21,Female,Instagram,3.86,3,328,84,9.0,High
866,51,Female,Instagram,3.67,8,412,62,7.4,High
867,59,Female,Snapchat,4.67,2,435,108,5.5,High
868,13,Male,Instagram,4.45,3,44,76,3.9,High
869,44,Female,LinkedIn,2.48,6,100,72,5.5,Moderate
870,36,Female,Facebook,4.27,3,104,16,0.9,High
871,45,Female,Twitter,2.79,0,136,25,3.9,Moderate
872,20,Female,Snapchat,4.99,3,306,11,3.2,High
873,13,Male,Facebook,5.45,2,432,32,8.5,High
874,43,Male,Facebook,2.28,5,288,91,4.1,Moderate
875,40,Male,Twitter,5.04,2,69,69,6.4,High
876,48,Male,Instagram,0.41,4,10,45,2.9,Low
877,33,Female,Instagram,3.05,7,125,94,9.8,High
878,13,Female,Instagram,2.48,12,333,93,5.5,Moderate
879,53,Male,LinkedIn,2.06,5,25,12,8.8,Moderate
880,15,Female,Instagram,4.75,0,475,65,7.3,High
881,19,Female,Twitter,4.39,5,9,101,0.3,High
882,47,Male,Instagram,6.29,1,35,97,5.7,Very High
883,26,Female,LinkedIn,3.7,7,448,54,0.6,High
884,58,Female,Twitter,4.32,5,159,15,9.9,High
885,41,Male,Facebook,0.2,5,292,53,0.8,Low
886,17,Male,Snapchat,3.36,5,20,57,8.5,High
887,33,Male,Instagram,1.7,0,403,3,7.9,Moderate
888,30,Other,Snapchat,3.38,2,491,105,0.6,High
889,52,Male,LinkedIn,4.36,3,155,15,1.5,High
890,35,Male,Twitter,1.79,8,171,13,9.7,Moderate
891,31,Male,Twitter,5.69,1,462,82,6.1,High
892,44,Male,Instagram,5.09,6,19,112,1.3,High
893,36,Female,Snapchat,6.61,4,284,36,1.6,Very High
894,27,Female,Facebook,4.39,6,344,24,0.4,High
895,29,Female,Facebook,2.66,4,380,71,8.2,Moderate
896,30,Female,Twitter,5.75,3,62,8,6.6,High
897,20,Female,Facebook,4.63,2,172,37,6.2,High
898,20,Female,Twitter,2.19,6,234,46,0.7,Moderate
899,48,Female,Instagram,4.77,4,53,69,1.0,High
900,13,Female,Instagram,3.1,6,76,83,3.1,High
901,34,Male,LinkedIn,0.79,4,281,79,6.1,Low
902,42,Male,LinkedIn,2.61,3,489,36,6.0,Moderate
903,43,Female,Instagram,0.2,2,155,116,2.1,Low
904,22,Male,Facebook,3.59,7,68,91,5.4,High
905,58,Male,Instagram,3.25,5,178,48,7.2,High
906,22,Female,Facebook,2.46,7,257,39,8.1,Moderate
907,14,Male,Instagram,4.8,2,406,50,4.6,High
908,33,Male,Facebook,1.93,1,377,83,5.1,Moderate
909,29,Female,Twitter,4.93,5,446,56,6.9,High
910,28,Female,Twitter,4.67,2,299,62,9.1,High
911,59,Male,Instagram,0.2,7,201,99,6.6,Low
912,55,Male,Twitter,2.46,5,398,98,4.7,Moderate
913,39,Male,Instagram,2.48,6,494,24,9.2,Moderate
914,48,Female,Facebook,2.4,8,356,19,1.6,Moderate
915,15,Female,LinkedIn,2.21,6,52,3,4.9,Moderate
916,32,Female,LinkedIn,2.26,3,490,93,2.9,Moderate
917,18,Female,Twitter,4.56,1,43,113,9.9,High
918,26,Female,Facebook,2.58,6,122,75,3.4,Moderate
919,15,Male,Instagram,2.5,7,180,20,0.2,Moderate
920,45,Male,Instagram,1.77,4,355,85,3.9,Moderate
921,53,Male,Facebook,1.8,5,467,69,1.1,Moderate
922,51,Female,Instagram,3.43,3,457,99,4.3,High
923,44,Male,Instagram,2.46,5,417,9,1.7,Moderate
924,24,Male,LinkedIn,4.26,7,108,15,1.9,High
925,35,Female,Facebook,3.41,7,392,93,1.2,High
926,13,Female,Twitter,1.59,5,170,27,5.1,Moderate
927,34,Male,Facebook,2.19,4,305,46,5.5,Moderate
928,56,Male,Snapchat,2.12,5,49,104,8.3,Moderate
929,14,Male,Facebook,2.92,10,7,18,6.1,Moderate
930,27,Male,Facebook,2.67,4,195,74,8.9,Moderate
931,31,Female,Snapchat,2.57,3,33,61,3.5,Moderate
932,48,Female,Instagram,5.9,5,90,94,3.7,High
933,23,Female,Twitter,5.12,4,247,7,2.1,High
934,47,Female,Twitter,2.85,3,495,50,4.5,Moderate
935,19,Female,Instagram,5.94,4,495,38,2.8,High
936,23,Male,Instagram,3.58,1,230,115,0.3,High
937,59,Female,LinkedIn,1.68,3,47,60,3.0,Moderate
938,39,Male,Facebook,1.36,1,295,86,1.2,Moderate
939,59,Female,Instagram,1.51,7,153,91,6.1,Moderate
940,27,Female,Twitter,1.9,4,194,38,5.2,Moderate
941,20,Male,Snapchat,2.76,4,386,38,0.5,Moderate
942,42,Female,Twitter,2.2,3,11,63,3.6,Moderate
943,43,Male,Twitter,4.65,4,454,96,2.9,High
944,55,Female,Facebook,1.23,6,255,70,8.5,Moderate
945,58,Male,Twitter,4.08,2,157,81,3.0,High
946,37,Female,Facebook,2.18,4,167,2,7.1,Moderate
947,57,Male,LinkedIn,3.2,2,154,35,8.3,High
948,21,Female,Facebook,2.5,1,46,101,3.4,Moderate
949,38,Female,Facebook,4.69,3,345,65,8.6,High
950,44,Female,LinkedIn,2.02,13,85,97,8.5,Moderate
951,54,Male,Twitter,1.41,2,237,8,0.5,Moderate
952,55,Male,Facebook,4.3,7,470,104,8.6,High
953,37,Male,Facebook,3.96,3,126,104,0.3,High
954,27,Female,Facebook,4.27,2,197,64,9.7,High
955,48,Male,Twitter,1.68,5,431,41,3.2,Moderate
956,28,Female,Twitter,3.22,4,51,85,7.6,High
957,23,Male,Instagram,2.57,9,209,95,4.9,Moderate
958,46,Male,Instagram,1.7,6,449,44,9.3,Moderate
959,23,Male,Twitter,4.97,4,122,21,1.1,High
960,55,Male,Facebook,1.55,6,409,28,7.9,Moderate
961,40,Female,Instagram,4.97,3,290,44,4.2,High
962,57,Male,Facebook,0.26,5,137,36,0.9,Low
963,42,Female,LinkedIn,3.13,6,457,87,3.4,High
964,44,Female,Facebook,3.05,4,17,24,0.4,High
965,21,Male,Snapchat,4.28,4,68,109,7.3,High
966,56,Male,Twitter,4.47,4,392,33,3.6,High
967,21,Female,Snapchat,3.7,3,426,23,5.5,High
968,36,Male,Snapchat,3.63,1,305,78,4.1,High
969,49,Other,Twitter,2.11,5,247,2,1.6,Moderate
970,29,Male,Facebook,2.1,3,407,20,4.9,Moderate
971,18,Female,Twitter,2.74,5,488,116,7.2,Moderate
972,44,Male,Snapchat,3.8,2,91,43,3.4,High
973,55,Female,LinkedIn,3.54,6,69,106,0.6,High
974,25,Male,Instagram,3.98,2,68,56,8.3,High
975,57,Other,Snapchat,4.7,5,278,58,4.2,High
976,32,Female,LinkedIn,2.87,3,385,71,3.8,Moderate
977,16,Male,Facebook,2.99,6,389,116,6.4,Moderate
978,25,Male,Instagram,3.09,2,287,91,8.7,High
979,51,Female,Twitter,0.2,1,140,56,6.2,Low
980,25,Male,Facebook,4.39,4,232,66,0.8,High
981,47,Female,LinkedIn,2.44,3,71,43,3.2,Moderate
982,18,Male,Twitter,5.6,2,202,17,3.9,High
983,29,Female,Instagram,2.88,6,410,62,7.1,Moderate
984,48,Female,Snapchat,2.52,3,80,45,3.8,Moderate
985,17,Female,Facebook,0.23,5,154,65,8.7,Low
986,39,Male,Facebook,6.59,4,382,105,3.8,Very High
987,58,Other,Facebook,4.59,1,62,86,4.0,High
988,30,Female,Instagram,5.22,5,448,39,6.1,High
989,53,Male,LinkedIn,5.16,4,257,41,6.9,High
990,34,Female,Instagram,2.43,5,176,71,8.6,Moderate
991,17,Female,Twitter,3.34,5,210,11,1.0,High
992,31,Male,LinkedIn,2.15,7,478,116,1.8,Moderate
993,46,Female,Instagram,3.19,2,287,62,5.9,High
994,16,Female,Instagram,5.6,6,216,101,2.4,High
995,27,Female,Facebook,3.62,6,401,97,0.3,High
996,16,Male,Facebook,3.43,5,244,8,3.8,High
997,19,Female,Snapchat,2.21,3,333,97,4.6,Moderate
998,35,Male,LinkedIn,4.49,3,384,51,5.0,High
999,42,Female,Instagram,2.97,9,226,8,4.4,Moderate
1000,20,Female,Facebook,4.55,4,402,63,3.1,High
1001,14,Male,LinkedIn,3.71,5,277,59,3.8,High
1002,26,Male,Instagram,4.51,5,282,82,4.1,High
1003,32,Male,Facebook,5.47,5,52,9,1.0,High
1004,51,Female,Instagram,1.3,5,84,109,9.0,Moderate
1005,17,Male,Twitter,1.47,2,161,75,7.9,Moderate
1006,29,Male,Instagram,3.55,2,60,75,4.1,High
1007,49,Male,Instagram,2.43,2,184,57,2.1,Moderate
1008,24,Female,Instagram,3.28,2,11,99,6.2,High
1009,32,Female,Snapchat,3.01,1,472,87,0.8,High
1010,21,Female,Facebook,3.27,8,413,67,5.8,High
1011,47,Female,Facebook,4.09,6,432,44,1.4,High
1012,28,Female,Instagram,4.41,4,317,107,2.7,High
1013,53,Female,Twitter,0.84,5,128,83,1.5,Low
1014,39,Female,LinkedIn,3.26,1,269,0,0.7,High
1015,16,Female,Snapchat,3.51,2,449,105,4.1,High
1016,38,Male,Instagram,3.44,6,46,82,4.7,High
1017,41,Female,Facebook,3.2,1,344,78,2.2,High
1018,15,Male,Instagram,5.18,4,309,68,9.9,High
1019,46,Female,Instagram,2.85,5,453,20,9.0,Moderate
1020,54,Male,LinkedIn,3.99,3,498,87,7.0,High
1021,56,Male,Instagram,2.95,1,368,72,7.8,Moderate
1022,43,Male,Facebook,4.1,4,373,31,1.3,High
1023,35,Male,Twitter,3.05,2,320,52,7.6,High
1024,38,Male,Twitter,0.2,9,470,1,8.7,Low
1025,54,Male,Instagram,2.12,3,195,74,8.8,Moderate
1026,35,Female,Instagram,2.81,7,455,73,6.2,Moderate
1027,56,Male,Facebook,2.54,4,325,100,2.9,Moderate
1028,20,Female,Snapchat,1.74,5,297,75,2.1,Moderate
1029,37,Female,Instagram,1.58,2,36,30,1.5,Moderate
1030,44,Female,LinkedIn,3.81,0,407,80,9.4,High
1031,23,Female,Facebook,3.95,2,28,70,8.5,High
1032,28,Female,Instagram,3.89,3,53,115,5.5,High
1033,44,Female,Twitter,4.21,0,182,53,9.4,High
1034,38,Female,Facebook,3.39,2,2,1,0.4,High
1035,35,Male,Instagram,3.69,2,499,103,3.2,High
1036,49,Male,Twitter,4.88,2,180,49,5.2,High
1037,35,Female,Instagram,5.07,4,437,69,6.4,High
1038,44,Female,Twitter,2.57,7,262,84,2.9,Moderate
1039,43,Male,Snapchat,5.13,7,69,24,0.9,High
1040,17,Male,LinkedIn,4.6,4,15,70,6.8,High
1041,18,Male,Twitter,3.63,6,262,79,3.8,High
1042,41,Female,Snapchat,4.97,2,208,64,1.4,High
1043,49,Male,Facebook,4.49,4,139,9,3.2,High
1044,28,Female,Instagram,2.45,6,121,16,4.2,Moderate
1045,29,Male,Instagram,3.24,4,152,80,7.7,High
1046,58,Female,Twitter,5.02,2,240,51,8.5,High
1047,34,Male,LinkedIn,5.28,6,116,54,1.9,High
1048,15,Male,Instagram,2.38,4,170,28,7.1,Moderate
1049,34,Male,Instagram,4.44,3,456,63,8.9,High
1050,42,Male,Snapchat,3.6,6,39,116,9.0,High
1051,17,Female,Snapchat,0.94,1,340,102,1.0,Low
1052,59,Male,Facebook,0.2,6,331,87,3.7,Low
1053,34,Female,Instagram,2.35,4,240,25,2.1,Moderate
1054,58,Female,Twitter,2.5,7,488,15,2.3,Moderate
1055,20,Female,Instagram,3.34,6,311,89,2.5,High
1056,33,Male,Instagram,6.85,3,200,30,2.3,Very High
1057,33,Female,Instagram,4.64,1,99,69,9.8,High
1058,33,Female,Instagram,1.09,4,102,16,3.7,Moderate
1059,59,Male,Snapchat,4.8,4,335,78,6.2,High
1060,27,Female,Facebook,2.28,3,44,61,9.8,Moderate
1061,15,Male,Facebook,4.53,7,72,12,1.8,High
1062,21,Male,Facebook,1.04,6,403,63,1.7,Moderate
1063,20,Male,Facebook,3.72,7,478,89,2.0,High
1064,35,Male,Instagram,1.96,2,11,16,9.9,Moderate
1065,51,Female,Facebook,3.09,4,268,43,7.1,High
1066,26,Male,Facebook,4.99,6,360,32,3.5,High
1067,26,Female,Instagram,3.71,1,88,89,6.2,High
1068,37,Other,Instagram,2.57,8,37,97,7.2,Moderate
1069,27,Male,Instagram,2.4,2,83,80,2.7,Moderate
1070,29,Male,LinkedIn,2.44,3,442,82,3.9,Moderate
1071,19,Female,Facebook,4.81,3,28,107,1.1,High
1072,41,Female,Instagram,4.33,3,243,33,1.3,High
1073,51,Female,Snapchat,2.6,5,299,99,1.6,Moderate
1074,17,Male,Facebook,2.84,2,295,107,9.5,Moderate
1075,59,Male,Instagram,1.22,3,491,100,8.4,Moderate
1076,52,Male,Twitter,4.74,4,486,79,9.6,High
1077,55,Female,Instagram,4.61,2,244,61,5.5,High
1078,16,Female,Instagram,1.58,3,406,85,2.2,Moderate
1079,32,Female,Instagram,0.2,2,312,21,0.4,Low
1080,24,Male,Instagram,4.94,5,298,16,3.3,High
1081,43,Male,Instagram,0.77,6,152,35,7.5,Low
1082,49,Male,Snapchat,2.7,6,225,84,5.2,Moderate
1083,29,Female,Facebook,2.86,3,367,35,2.1,Moderate
1084,15,Female,Instagram,2.39,6,456,74,9.0,Moderate
1085,23,Male,Instagram,2.81,5,306,55,5.7,Moderate
1086,21,Male,Instagram,1.94,2,16,9,9.1,Moderate
1087,58,Male,Facebook,4.05,0,466,42,2.2,High
1088,53,Female,Instagram,2.97,4,423,102,0.5,Moderate
1089,15,Female,Instagram,5.36,5,143,118,6.9,High
1090,56,Female,Facebook,4.1,5,254,39,10.0,High
1091,44,Female,Facebook,4.6,5,441,96,3.7,High
1092,18,Female,Twitter,2.13,9,88,50,0.4,Moderate
1093,19,Male,Facebook,5.04,2,193,12,9.3,High
1094,21,Male,Facebook,4.33,10,21,73,1.0,High
1095,45,Male,Snapchat,3.32,3,18,48,2.7,High
1096,52,Female,Snapchat,2.84,5,337,10,3.0,Moderate
1097,32,Male,Instagram,3.25,5,168,118,0.6,High
1098,52,Other,Instagram,3.56,3,199,94,0.2,High
1099,37,Female,LinkedIn,5.15,5,328,106,0.5,High
1100,56,Female,Instagram,4.0,3,207,5,1.9,High
1101,50,Female,Facebook,3.86,1,83,41,1.8,High
1102,34,Male,Instagram,2.82,5,99,27,5.7,Moderate
1103,46,Female,Facebook,2.34,2,265,99,3.7,Moderate
1104,42,Male,Facebook,4.92,6,178,12,3.8,High
1105,23,Female,Instagram,2.09,4,491,7,7.7,Moderate
1106,32,Male,LinkedIn,0.7,3,147,41,7.7,Low
1107,38,Male,Twitter,2.25,3,206,100,6.1,Moderate
1108,34,Female,LinkedIn,2.32,4,252,56,8.5,Moderate
1109,40,Female,Twitter,4.57,5,217,3,7.0,High
1110,33,Male,Instagram,4.37,7,140,28,8.7,High
1111,59,Female,Facebook,2.47,6,323,41,7.0,Moderate
1112,36,Female,Facebook,1.88,4,177,70,8.5,Moderate
1113,16,Male,Snapchat,5.14,3,468,28,4.7,High
1114,39,Female,Instagram,2.21,5,296,35,10.0,Moderate
1115,54,Female,Twitter,1.36,2,245,63,7.1,Moderate
1116,35,Male,Instagram,4.14,8,286,94,8.9,High
1117,51,Female,LinkedIn,2.1,5,413,85,4.9,Moderate
1118,42,Male,Twitter,3.96,2,211,57,0.5,High
1119,39,Male,LinkedIn,4.93,7,34,105,1.6,High
1120,43,Male,Snapchat,4.2,7,87,7,3.4,High
1121,34,Male,Facebook,2.58,10,27,106,3.3,Moderate
1122,22,Female,Snapchat,4.03,2,283,77,7.4,High
1123,40,Other,Facebook,2.15,2,243,83,1.8,Moderate
1124,15,Female,Facebook,2.89,3,350,43,4.0,Moderate
1125,52,Female,Instagram,3.7,5,330,79,5.2,High
1126,36,Female,Twitter,3.11,3,191,19,0.7,High
1127,24,Female,Instagram,4.05,2,23,95,5.4,High
1128,48,Other,Facebook,3.39,2,350,24,3.1,High
1129,59,Male,LinkedIn,3.01,4,365,33,9.8,High
1130,31,Female,Facebook,2.08,2,217,28,0.5,Moderate
1131,44,Male,Snapchat,3.43,6,99,40,5.5,High
1132,45,Male,LinkedIn,2.09,4,403,47,9.9,Moderate
1133,28,Female,Twitter,2.49,0,53,35,9.3,Moderate
1134,57,Male,LinkedIn,3.29,3,84,52,0.3,High
1135,55,Female,Twitter,3.28,5,177,92,3.6,High
1136,49,Other,LinkedIn,2.61,4,377,96,4.0,Moderate
1137,43,Male,Instagram,2.08,2,218,78,2.2,Moderate
1138,28,Male,Snapchat,2.96,2,408,75,4.2,Moderate
1139,28,Female,Instagram,0.42,4,426,39,3.0,Low
1140,24,Female,Facebook,3.34,2,361,101,1.4,High
1141,22,Male,Twitter,3.59,3,203,79,9.0,High
1142,48,Female,Facebook,4.77,3,304,101,5.4,High
1143,29,Female,Facebook,2.93,5,71,25,4.2,Moderate
1144,45,Female,Instagram,1.48,6,34,5,8.7,Moderate
1145,25,Male,Snapchat,4.36,4,316,68,3.6,High
1146,27,Male,Instagram,4.31,10,445,49,8.2,High
1147,24,Female,Facebook,4.14,5,185,51,5.2,High
1148,42,Male,Instagram,2.54,4,276,64,1.6,Moderate
1149,48,Female,Snapchat,5.02,2,61,119,6.9,High
1150,31,Male,Instagram,3.74,5,156,38,4.1,High
1151,29,Female,Snapchat,4.77,7,242,53,3.1,High
1152,58,Female,Instagram,2.56,10,208,5,6.6,Moderate
1153,34,Male,Twitter,5.0,3,382,69,7.3,High
1154,38,Male,Snapchat,0.2,3,179,44,0.3,Low
1155,47,Other,Instagram,5.24,3,31,54,4.6,High
1156,23,Male,Instagram,5.53,6,214,82,9.0,High
1157,40,Male,Instagram,4.77,2,53,50,10.0,High
1158,30,Female,Facebook,2.93,3,153,10,5.6,Moderate
1159,20,Female,Instagram,1.96,3,347,112,5.9,Moderate
1160,35,Female,Snapchat,3.33,1,386,28,2.0,High
1161,51,Female,Instagram,4.24,2,278,111,4.7,High
1162,40,Female,Twitter,4.67,4,147,115,8.3,High
1163,16,Female,Instagram,4.73,2,489,8,1.0,High
1164,26,Male,LinkedIn,5.77,5,192,54,3.9,High
1165,22,Female,Twitter,3.44,5,237,9,9.0,High
1166,38,Female,Instagram,2.92,8,372,63,8.3,Moderate
1167,27,Male,Twitter,2.47,2,376,100,2.4,Moderate
1168,26,Male,LinkedIn,1.79,3,259,24,8.9,Moderate
1169,54,Male,Instagram,4.41,3,313,24,8.2,High
1170,21,Female,Instagram,3.71,7,130,90,6.7,High
1171,53,Male,Twitter,2.33,2,147,71,3.0,Moderate
1172,51,Female,Facebook,0.2,4,202,60,9.5,Low
1173,33,Female,Instagram,2.39,4,185,76,6.8,Moderate
1174,43,Female,LinkedIn,3.83,6,202,75,8.1,High
1175,52,Female,Instagram,3.78,3,312,117,3.8,High
1176,33,Male,Facebook,4.22,1,473,103,8.4,High
1177,53,Male,Snapchat,5.88,4,363,63,4.5,High
1178,29,Male,Instagram,2.86,2,19,26,0.8,Moderate
1179,45,Female,Twitter,3.88,2,259,69,0.1,High
1180,38,Male,Facebook,5.22,4,475,102,7.3,High
1181,16,Male,Snapchat,2.78,1,198,7,8.8,Moderate
1182,34,Male,Facebook,3.6,2,73,7,4.7,High
1183,18,Other,Facebook,2.04,5,57,94,7.5,Moderate
1184,46,Female,Snapchat,0.2,7,251,40,4.7,Low
1185,21,Male,Instagram,6.3,2,14,103,1.3,Very High
1186,42,Male,LinkedIn,3.9,5,368,75,0.5,High
1187,26,Female,Facebook,4.29,4,375,117,9.9,High
1188,59,Male,Instagram,2.64,4,234,34,0.3,Moderate
1189,52,Male,Instagram,2.68,2,217,114,6.9,Moderate
1190,56,Female,Snapchat,0.74,4,55,61,8.8,Low
1191,51,Other,Snapchat,4.17,3,57,105,8.1,High
1192,42,Other,Twitter,2.54,5,203,52,6.8,Moderate
1193,46,Female,Twitter,4.81,4,96,49,4.9,High
1194,25,Male,Facebook,2.08,2,208,107,8.8,Moderate
1195,53,Female,Instagram,2.27,5,121,83,7.2,Moderate
1196,24,Male,Facebook,5.21,3,71,14,8.1,High
1197,14,Female,Twitter,3.12,1,38,43,3.8,High
1198,34,Male,Facebook,5.96,3,229,112,5.5,High
1199,40,Female,Twitter,3.08,4,61,16,1.3,High
1200,54,Male,Instagram,1.94,5,431,41,4.9,Moderate
